experience_level,salary_usd
EN,66773.73713033953
EX,198485.2110330471
MI,91585.48565356004
SE,127910.97353648757
