MAE,R2 Score
27187.80485265744,0.6246123350479887
