,salary_usd,experience_level,years_experience
salary_usd,1.0,0.1232837451995753,0.7440432425661979
experience_level,0.1232837451995753,1.0,0.14702013226946378
years_experience,0.7440432425661979,0.14702013226946378,1.0
