Model,MAE,MSE,RMSE,R2 Score
Linear Regression,29257.175990697076,1726299456.3889284,41548.759986176825,0.5692164667784152
Random Forest,27187.80485265744,1504308943.9735715,38785.42179703054,0.6246123350479887
Gradient Boosting,27184.46736865303,1503840617.8626316,38779.38392835337,0.6247292018963354
