Feature,Importance
years_experience,0.5644484780251098
company_location,0.2472635396728567
experience_level,0.0547411310275673
job_description_length,0.042144727802379475
benefits_score,0.0342631137224156
industry,0.024812522573941783
education_required,0.012005343361649221
employment_type,0.011508761988648985
remote_ratio,0.008812381825431159
