Metric,Value
MAE,18855.748856666665
MSE,704276596.3379958
RMSE,26538.2101193354
R2 Score,0.8242536893509854
