MAE,R2_Score,Coefficient,Intercept
49790.92630171349,-7.092947671782923e-05,7.490963774833203,121688.51605322688
