F-Statistic,P-Value
0.15824707090132922,0.853640271986277
