remote_ratio,Average_Salary,Median_Salary,Count,Std_Dev
0,121581.7087437186,106506.0,4975,64060.82465624928
50,122260.91264275696,108528.0,4991,64040.65967929666
100,122130.68295589989,107069.5,5034,63815.71238518213
