company_size,Avg_Salary,Avg_Benefits,Count
L,138466.26518576764,7.479870257519166,5087
M,118876.32280275415,7.518205751316323,4938
S,108239.17608040202,7.501125628140703,4975
