Model,MAE,MSE,RMSE,R2 Score
Random Forest,48923.55090534697,3849982259.528917,62048.22527299968,0.03926925629139999
