Model,MAE,MSE,RMSE,R2 Score
Linear Regression,49792.04483116162,4009279853.730578,63318.87438774143,-0.00048212068431596755
Random Forest,55916.022106052915,5088235313.110934,71331.86744443842,-0.2697263953438518
Gradient Boosting,49900.183930460764,4040236760.673488,63562.85676929167,-0.008207156859890263
